best_cluster,current_position
-1,"['Officer, Consumer Product Strategic Analyst II', 'Software Engineer II - Municipal Banking and Markets Technology', 'GCIB Middle Market Analyst', 'Transactional FX Product Analyst', 'Senior Data Engineer/informatica developer', 'VP; Information Security-Business Operations', 'Director, Global Credit and Special Situations Trading, Desk Analyst', 'Vice President - Global Markets Data Management', 'Vice President Software Dev 2', 'FX Options Trading Analyst', 'Global Rates and Currencies Solutions Analyst', 'Senior Technical Business Analyst', 'Java Backend Developer ', 'Senior Software Engineer (Java/Mulesoft/AWS/Kafka)', 'Global Payments Solutions TMAP Analyst ', 'Investment Grade Credit Trading Analyst', 'Equity Derivatives Analyst', 'Global Corporate Investment Banking Healthcare Credit Analyst', 'Software enginner 2', 'Software Engineer II - Performance Testing & Capacity Management', 'Index Derivatives Trading Analyst', 'Software Engineer - Data Management & Technology', 'Global Risk Analytics Technology Team - Feature Developer', 'Software Development Engineer', 'Android Developer', 'VP, Infrastructure Engineer II - z/OS Security Architecture Engineering', 'VP, Platform/DevOps Engineer', 'Private Bank Analyst', 'Sustainable Banking Solutions Group Analyst', 'Corporate Audit Analyst', 'Finance Management Summer Analyst (FMAP)', 'Summer Credit Analyst', 'Process Design Analyst', 'Equity Derivative Sales Analyst', 'Global Market Data Technology Analyst', 'Vice President, Quantitative Analyst', 'Global Strategic Planning Analyst', 'Senior Analyst, Global Liquidity Management', 'IT Security Specialist V (Sr. Software Developer)', 'Application Architect - Senior iOS Engineer', 'Software Engineer Co-op', 'sr datastage developer', 'AWS Cloud Security Architect', 'Equity Capital Market Analyst', 'Analyst, Commodities Trading', 'Latam Rates Trading - Analyst', 'Associate Quantitative Analyst', 'Financial Analyst', 'VP, Quantitative Financial Analyst', 'Global Markets Analyst', 'Analyst - Municipal Bond Trading Strategist', 'Back End Developer', 'Treasury Solutions Analyst (TMAP) - GCBK Consumer & Retail', 'Senior Frontend Developer', 'GLM Markets Analyst', 'Corporate Audit Analyst', 'Senior Software Architect', 'Data Management Analyst', 'Senior ETL Developer', 'AVP, Infrastructure Engineer', 'Angular Developer', 'Strategy and Business Ventures Analyst', 'Financial Management Analyst - ETS Forecasting', 'Real Estate Syndicated Finance Analyst', 'Investment Banking Analyst (REGL)', 'FMAP Analyst', 'Strategy & Business Ventures Analyst', 'AVP - Senior Financial Analyst', 'Enterprise Credit Analyst', 'Wealth Management Analyst', 'Model Risk Management Analyst', 'Quantitative Finance Analyst', 'Enterprise Credit Analyst - Special Assets Group', 'Market Risk Analyst', 'Equity Research Summer Analyst', 'Incoming Sustainable Banking Solutions Group Analyst', 'Vice President, Senior Actimize Developer', 'FMAP Analyst', 'Global Transaction Services Analyst', 'Sr. iOS Developer - Mobile Engineering & Development', 'Senior Software Engineer (Java/Mulesoft/AWS/Kafka)', 'Java Backend Developer ', 'Senior Technical Business Analyst', 'Senior Software Engineer | Python Automation | Platform Engineer', 'Android Developer, SE2 ', 'Application Support & Automation Engineer  ', 'Cloud SOC Analyst', 'VP; Team Mgr Systems/Software QA', 'Pega Developer', 'Linux System Engineer', 'Senior Data Engineer/informatica developer', 'Network/System Engineer IV', 'Sr.Security  operation Analyst', 'C++ Developer/Embedded Application Developer', 'Senior Software Development Engineer', 'Senior DevOps Engineer IV', 'Technology Support Analyst', 'Dynamic Application Security Tester (Web Application Penetration Tester)', 'Python Developer', 'Consumer Product Strategic Analyst', 'AVP: Software Engineer II', 'Tech Analyst', 'Data Privacy/Compliance Analyst ', 'Help Desk Analyst 1', 'IAM Engineer', 'Lead Consultant-Application Engineering', 'Android Developer', 'Senior Network Security Engineer', 'Accessibility Tester/Analyst', 'Analyst I-Help Desk', 'IT Security Specialist - Identity and Access Management (IAM)', 'Android Developer', 'Solutions Engineer ll', 'sr datastage developer', 'Senior ETL Developer', 'SQL/SSIS Developer', 'Site Reliability Engineer', 'Senior Network and Systems Engineer', 'AWS Cloud Security Architect', 'Vice President - Global Markets Data Management', 'Software Engineer II - Performance Testing & Capacity Management', 'Software Engineer II - Municipal Banking and Markets Technology', 'Data Management Consultant', 'Tableau/BI Developer', 'Informatica IICS Developer', 'Malware Analyst', 'Analyst II - Sys/Data Security', 'Credit Risk â€“ Data Analysis / QA Lead', 'Performance Engineer Intern', 'Principal Engineer', 'Sr. AI/ML Python Developer', 'Sr Application / Desktop Engineer', 'Tibco Data Virtualization Solution Architect/ Developer and support for informatica', 'Principal Software/Data Engineer', 'Sr. React/ Frontend Developer', 'Linux System Engineer', 'Python Developer', 'Sr. Analyst-Non Trading Tech Support | Employee Technology Support', 'Pega Developer', 'VP, InfoSec | Application Security', 'Developer/Tech. Lead', 'Technical Analyst II', 'Vice President - Info Security Controls Specialist', 'Salesforce DevOps Engineer', 'Vice President - Client Reporting Analyst', 'Delivery QA Lead / Product Owner/Business Analyst', 'Software Engineer 3 (Angular)', 'Domain lead, Officer, Software Engineer', 'Application Developer (Regulatory Reporting)', 'Assistant Vice President, Global Information Security', 'Senior Backend Software Engineer', 'Officer, IT Support Analyst', 'Software Engineer Co-op', 'Front Office Developer', 'Microstrategy Developer', 'Assistant Vice President; Information Security Incident Management Specialist', 'Accessibility test engineer', 'Vice President Consultant Systems Engineer', 'Full Stack Software Test Automation Engineer', 'Release Train Engineer', 'Pega Developer', 'Senior Bigdata Lead - Architect', 'VP, Platform/DevOps Engineer', 'Software enginner 2', 'Application Programmer - Erica Engineering', 'Tech Analyst - Officer', 'Global Rates and Currencies Solutions Analyst', 'Business System Analyst', 'Index Derivatives Trading Analyst', 'Software Engineer - Data Management & Technology', 'Senior Business System Analyst', 'Quantitative Analyst (QMAP)', 'Software Engineer II || MuleSoft & Salesforce Developer || SDET', 'Apigee Admin/ Developer', 'Senior Analyst, Global Liquidity Management', 'VP, Information Security Engineer', 'Cyber Security Controls Assesor', 'Vice President - Senior Data Technology Analyst ', 'Incoming Sustainable Banking Solutions Group Analyst', 'Application Architect - Java Developer (Agile/J2EE/Oracle)', 'AVP, Data Engineer II', 'Help Desk Analyst', 'Vice President, Global Information Security- Cloud Security', 'Software Engineer II A (Technical Lead)', 'Pega Developer', 'AVP, Infrastructure Engineer', 'Senior Accessibility Analyst', 'Senior Ethical Hacker -VP Information Security Exposure Managment SR', 'Mongodb/mysql Database Adminstrator', 'Information Technology Security Specialist V (DMA|Exadata Oracle DBA)', 'Sr. Java Fullstack Developer', 'Sr GCP Data Engineer', 'Security Information and Event Management (SIEM) Engineer', 'Financial Analyst', 'Technical Analyst II', 'Software Development Engineer II', 'Tech Analyst', 'Mobile Android Developer', 'SVP, Business Information Security Officer', 'FX Sales Analyst', 'Incoming Global Risk Summer Analyst', 'Production Support Engineer', 'Infrastructure Engineer', 'Enterprise Credit Analyst', 'Production Support Analyst', 'Senior Backend Software Engineer', 'Process Data Analyst', 'Release Train Engineer', 'Linux System Engineer', 'MuleSoft Integration Developer', 'Software Architect', 'MongoDB Database Administrator', 'Credit Research Analyst', 'Short End Trading Analyst', 'NLP Data Science Manager', 'Sr. Angular Developer', 'Corporate Audit Analyst', 'Financial Management Analyst', 'Global Trade Analyst', 'Finance Management Analyst', 'Data Science Executive', 'FMAP Analyst', 'Leveraged Finance Credit Analyst', 'Treasury Product Analyst', 'Python Developer', 'Credit Analyst', 'Assistant Vice President; Sr. Fraud Claims Analyst', 'Data Analytics Lead', 'Network Engineer', '2024 Global Strategy & Enterprise Programs Analyst', 'Software Automation/Salesforce Tester', 'Credit Sales Analyst', 'Enterprise Credit Analyst', 'Equity Research Analyst', 'Rates/FX Derivatives Analyst', 'Prime Brokerage Analyst', 'Treasury Analyst', 'Treasury Sales Analyst', 'Industrial Engineering Student', 'Market Operations Analyst', 'Summer Business Analyst', 'Full-stack Software Developer with a knack for building state-of-the-art web apps', 'Sr BI Developer', 'QA Analyst and Consultant', 'Technical Business Analyst', 'Production services analyst', 'Production Support Engineer', 'VP; Information Security-Business Operations', 'Sr. Hadoop Developer', 'Python Application developer', 'Incoming Software Engineering', 'Consultant-Applications Developer', 'Sr. Quality Analyst', 'Middleware Engineer', 'System Engineer', 'Product Analyst', 'Cybersecurity Specialist', 'Info Security Exposure Management Specialist', 'Desktop Engineer', 'Rates & FX Derivatives Analyst', 'Vice President, Software Engineer (Identity & Access Management)', 'Data Specialist', 'Vice President, Senior Actimize Developer', 'VP/Sr Analyst', 'Release Train Engineer', 'Information Security Risk and Issues Lead', 'Index Derivatives Trading Analyst', 'Assistant Vice President (Archer Developer)', 'Software Engineer II, Python Automation', 'Senior Infrastructure Engineer', 'VP, Team Manager , System Engineering', 'Information Security Engineer', 'IBM InfoSphere DataStage Professional', 'AI & Data Solution Developer', 'Solution Analyst - Government & Public Services', 'Staff Software Developer', 'Senior Product Strategy Analyst', 'GPS EFA Analyst', 'Data Science Consultant', 'Software Engineering Analyst', 'Personnel Security Specialist', 'EFA Analyst', 'Strategy & Analytics Analyst', 'AI Engineer - Consultant', 'Transfer Pricing Analyst', 'Multimedia Designer (Solutions Analyst)', 'Senior Mechanical/Aerospace Engineer Consultant', 'Customer Experience Data Strategy Consultant', 'Artificial Intelligence Consultant', 'Applied AI & Data Engineering Intern', 'Government & Public Services Analyst', 'Business Valuations Analyst', 'Actuarial Analyst', 'Business Valuation Analyst', 'Analyst, AI Solutions', 'Senior Machine Learning Engineer/Senior Data Scientist', 'AWS Cloud Engineer', 'Performance Engineer', 'Solution Analyst - Software Development and Integration', 'Project Data Analyst', 'Generative AI Developer Consultant', 'Senior Java Engineer', 'Finance Transformation Analyst', 'Complex Securities Valuation Analyst', 'Senior Analyst, ESG & Sustainability Services', 'ESG & Sustainability Senior Analyst', 'Business Valuation Analyst', 'API Engineer', 'Government and Public Services Analyst', 'ESG & Sustainability Analyst', 'Associate Vice President, Data Science', 'Tech Ops & Service Mgmt Technology Support Analyst', 'Senior Endpoint/Cloud Engineer', 'VMS Bussiness Systems Analyst', 'M&A Transaction Services Summer Analyst', 'React Developer', 'ESG and Sustainability Services Senior Analyst', 'Staff Software Engineer', 'Analyst - Forensic Investigations & Disputes', 'AWS solution Architect/DevOps Engineer', 'GPS Engagement Financial Advisor (EFA) Analyst', 'Oracle Technical Support Analyst', 'AI ML Ops Delivery Engineer ', 'AI & Data Solution Developer', 'Informatica Developer (PowerCenter & IICS)', 'Oracle Pl/SQL developer', 'Sr. Database Adminstrator', 'DC Analyst', 'Manager - Cloud Engineering Go to Market Strategy', 'Senior Cloud Native Engineer', 'Sr. AWS DevOps/Middleware/Build&Release Engineer', 'Quality Engineering  Manager - GPS', 'React Developer', 'SOC Analyst', 'DC Solution Analyst', 'Product Owner/Business Systems Analyst', 'GPS Analyst - Risk & Financial Advisory', 'IPS Cybersecurity Apprentice', 'Tier 3 SOC Analyst', 'Oracle Technical Support Analyst', 'Cloud Engineer - Senior Specialist', 'Network Security Engineer', 'Cyber MXDR Analyst', 'Risk & Financial Advisory Analyst', 'Senior Endpoint/Cloud Engineer', 'Senior Azure Engineer', 'Cloud Data Engineer - Solution Specialist', 'Solution Specialist | Cloud Infrastructure & Engineering', 'Consulting Specialist Senior - Cloud Engineering', 'Staff Software Engineer', 'Staff Software Developer', 'Solutions Delivery Analyst', 'Performance Engineer', 'Senior Software Engineer and Lead', 'Servicenow Developer - Solution Specialist', 'SAP Consulting Analyst', 'Product Lead -Core Business Operations-Cloud Engineering', 'Senior Specialist - Citrix Engineer', 'Generative AI Developer Consultant', 'Sr Sharepoint Admin/ Developer', 'Senior Compliance Analyst', 'Marketing Data Analyst', 'Data Science', 'Software Engineering Analyst', 'Facility Security Officer', 'Senior Platform Engineer', 'AI Engineering & Ops Analyst', 'Global Business Intelligence Sr. Manager', 'Manager Federal Security', 'Human Capital Senior Analyst', 'Health Data Specialist', 'Manager, Data & Analytics', 'ServiceNow Certified Application Developer (CAD)', 'Senior Business Intelligence Engineer', 'React JS Developer', 'BTS Analyst', 'Solution Delivery Analyst', 'Marketing Analyst', 'Sr ETL Developer', 'Director, Cloud Engineering', 'BTS Analyst', 'Business Valuation Analyst', 'SQL Database Administrator', 'Cyber Risk Analyst', 'Solutions Delivery Analyst', 'GPS Data Quality Consultant', 'Frontend Developer', 'Integration Developer', 'SAP Analyst', 'Certified Lead Appian Developer', 'ITS Network Security', 'Detection Engineer', 'Application Security Service Leader', 'Specialist Master, Cloud Engineering/Modern Workplace', 'Data Architect', 'Data Informatics Manager', 'Senior Sales Engineer', 'DevOps Engineer / AWS Infrastructure Engineer', 'Data Governance', 'Data Science and Machine Learning Manager', 'Cybersecurity Product Manager', 'Threat Monitoring Analyst']"
0,"['Investment Banking Summer Analyst', 'Investment Banking Summer Analyst', 'Investment Banking Analyst', 'Investment Banking Analyst', 'Investment Banking Analyst', 'Incoming 2025 Investment Banking Summer Analyst', 'Investment Banking Analyst', 'Investment Banking Analyst', 'Investment Banking Analyst', 'Investment Banking Analyst', 'Investment Banking Analyst', 'Investment Banking Analyst', 'Investment Banking Analyst', 'Investment Banking Summer Analyst', 'Investment Banking Summer Analyst', 'Investment Banking Analyst', 'Investment Banking Analyst', 'Investment Banking Analyst', 'Investment Banking Analyst', 'Investment Banking Analyst', 'Investment Banking Analyst', 'Investment Banking Analyst', 'Investment Banking Analyst', 'Investment Banking Analyst', 'Investment Banking Analyst', 'Investment Banking Analyst', 'Investment Banking Analyst', 'Investment Banking Analyst', 'Investment Banking Analyst', 'Investment Banking Analyst', 'Investment Banking Analyst', 'Investment Banking Analyst', 'Investment Banking Analyst', 'Investment Banking Analyst', 'Investment Banking Analyst', 'Investment Banking Analyst', 'Investment Banking Analyst', 'Investment Banking Analyst', 'Investment Banking Analyst', 'Investment Banking Analyst', 'Investment Banking Analyst', 'Investment Banking Analyst', 'Investment Banking Analyst', 'Investment Banking Analyst', 'Investment Banking Analyst', 'Investment Banking Analyst', 'Investment Banking Analyst', 'Investment Banking Analyst', 'Investment Banking Analyst', 'Investment Banking Analyst', 'Investment Banking Analyst', 'Investment Banking Analyst', 'Investment Banking Analyst', 'Investment Banking Analyst', 'Investment Banking Analyst', 'Incoming Investment Banking Summer Analyst', 'Investment Banking Analyst', 'Investment Banking Analyst', 'Investment Banking Summer Analyst', 'Investment Banking Analyst', 'Investment Banking Analyst', 'Investment Banking Analyst', 'Investment Banking Analyst', 'Investment Banking Senior Analyst', 'Investment Banking Analyst']"
1,"['Software Engineer Intern', 'Software Engineering Intern', 'Software Engineer Intern', 'Software Engineer Intern', 'Software Engineer Intern', 'Software Engineer Intern', 'Software Engineer Intern', 'Software Engineer Intern', 'Software Engineer Intern', 'Software Engineer Intern', 'Software Engineer Intern', 'Software Engineer Intern', 'Software Engineering Intern', 'Software Engineer Intern', 'Software Engineer Intern', 'Software Engineer Intern', 'Software Engineer Intern', 'Software Engineer Intern', 'Software Engineer Intern', 'Software Engineer Intern', 'Software Engineer Intern', 'Software Engineering Intern', 'Software Engineering Intern']"
2,"['Software Engineer II', 'Software Engineer II', 'Software Developer', 'Software Engineer II', 'Software Engineer II ', 'Software Engineer II', 'Software Engineer II', 'Software Engineer II', 'Software Engineer II', 'Senior Software Engineer', 'Data Analyst', 'Senior Software Engineer', 'Software Developer', 'Data Engineer', 'Software Engineer II', 'Data Analyst', 'Data Engineer II', 'Software Engineer II', 'Software Engineer II', 'Software Engineer II', 'Senior Software Engineer', 'Data Engineer II', 'Software Engineer II', 'Software Engineer II', 'Software Engineer II', 'Data Engineer II', 'Software Developer', 'Data Engineer II', 'Software Developer', 'Software Developer', 'Software Engineer, Data', 'Software Developer', 'Software Engineer II', 'Software Engineer II', 'Software Engineer II', 'Senior Software Engineer', 'Senior Software Developer', 'Software Engineer II', 'Software Engineer II', 'Senior Software Engineer', 'Senior Software Engineer', 'Data Analyst', 'Software engineer -II', 'Senior Software Engineer', 'Senior Software Developer', 'Senior Software Engineer', 'Software Engineer II', 'Senior Software Developer', 'Software Engineer II', 'Data Engineer', 'Software Engineer II', 'Data Engineer', 'Senior Data Engineer', 'Senior Data Engineer', 'Senior Software Engineer', 'Data Engineer II', 'Senior Software Engineer', 'Senior Software Engineer', 'Software Engineer II', 'Data Engineer II', 'Senior Data Engineer', 'Software Engineer II', 'Senior Software Engineer', 'Senior Software Engineer', 'Software Developer', 'Software Developer', 'Senior Data Analyst', 'Software Engineer II', 'Senior Software Engineer', 'Software Developer', 'Senior Software Engineer', 'Senior Software Engineer', 'Software Developer', 'Senior Developer', 'Software Developer', 'Senior Software Developer', 'Data Engineer', 'Senior Software Developer', 'Software Developer ', 'Senior Data Engineer', 'Senior Software Engineer', 'Data Engineer', 'Data Engineer', 'Senior Software Developer', 'Senior Software Engineer', 'Software Engineer II', 'Senior Software Engineer', 'Software Engineer II', 'Data Analyst', 'Software Developer', 'Senior Engineer', 'Software Developer', 'Data Engineer', 'Software Developer', 'Senior Software Engineer', 'Senior Analyst', 'Data Engineer', 'Software Developer', 'Software Developer', 'Senior Data Engineer', 'Data Engineer', 'Senior Software Engineer', 'Software Developer', 'Senior Software Engineer', 'Software Developer', 'Data Analyst', 'Senior Software Engineer', 'Data Engineer', 'Software Developer', 'Data Analyst', 'Software Developer', 'Senior Software Engineer II', 'Software Developer', 'Software Developer', 'Data Engineer', 'Software Developer', 'Senior Software Engineer', 'Data Engineer', 'Software Developer', 'Senior Software Engineer', 'Senior Software Engineer', 'Software Developer', 'Senior Data Engineer', 'Software Engineer II', 'Senior Software Engineer', 'Software Developer', 'Data Engineer', 'Data Engineer', 'Senior Analyst', 'Senior Analyst', 'Software Developer', 'Data']"
3,"['Software Engineer', 'Software Engineer', 'Software Engineer', 'Software Engineer', 'Software Engineer', 'Software Engineer', 'Software Engineer', 'Software Engineer', 'Software Engineer', 'Software Engineer', 'Software Engineer', 'Software Engineer', 'Software Engineer', 'Software Engineer', 'Software Engineer', 'Software Engineer', 'Software Engineer I', 'Software Engineer', 'Software Engineer', 'Software Engineer', 'Software Engineer', 'Software Engineer', 'Software Engineer', 'Software Engineer', 'Software Engineer', 'Software Engineer', 'Software Engineer', 'Software Engineer', 'Software Engineer', 'Software Engineer', 'Software Engineer', 'Software Engineer', 'Software Engineer', 'Software Engineer', 'Software Engineer', 'Software Engineer', 'Software Engineer I', 'Software Engineer', 'Software Engineer', 'Software Engineer', 'Software Engineer', 'Software Engineer', 'Software Engineer', 'Software Engineer', 'Software Engineer', 'Software Engineer', 'Software Engineer', 'Software Engineer', 'Software Engineer', 'Software Engineer', 'Software Engineer', 'Software Engineer', 'Software Engineer', 'Software Engineer', 'Software Engineer', 'Software Engineer', 'Software Engineer', 'Software Engineer', 'Software Engineer', 'Software Engineer', 'Software Engineer', 'Software Engineer', 'Software Engineer', 'Software Engineer', 'Software Engineer', 'Software Engineer', 'Software Engineer', 'Software Engineer', 'Software Engineer', 'Software Engineer', 'Software Engineer', 'Software Engineer', 'Software Engineer', 'Software Engineer', 'Software Engineer', 'Software Engineer', 'Software Engineer', 'Software Engineer', 'Software Engineer', 'Software Engineer', 'Software Engineer', 'Software Engineer', 'Software Engineer', 'Software Engineer', 'Software Engineer', 'Software Engineer', 'Software Engineer', 'Software Engineer', 'Software Engineer', 'Software Engineer I', 'Software Engineer', 'Software Engineer', 'Software Engineer', 'Software Engineer', 'Software Engineer |||', 'Software Engineer', 'Software Engineer', 'Software Engineer', 'Software Engineer', 'Software Engineer', 'Software Engineer', 'Software Engineer', 'Software Engineer', 'Software Engineer', 'Software Engineer', 'Software Engineer I', 'Software Engineer', 'Software Engineer', 'Software Engineer', 'Software Engineer', 'Software Engineer', 'Software Engineer', 'Software Engineer I', 'Software Engineer', 'Software Engineer', 'Software Engineer', 'Software Engineer', 'Software Engineer', 'Software Engineer Analyst', 'Software Engineer', 'Software Engineer', 'Software Engineer I', 'Software Engineer', 'Software Engineer 2', 'Software Engineer', 'Software Engineer', 'Software Engineer 2', 'Software Engineer', 'Software Engineer', 'Software Engineer', 'Software Engineer', 'Software Engineer', 'Software Engineer', 'Software Engineer 2', 'Software Engineer', 'Software Engineer', 'Software Engineer', 'Software Engineer', 'Software Engineer', 'Software Engineer']"
4,"['Software Engineer | Global Technology Analyst Program', 'Global Technology Analyst', 'Global Technology Analyst Program - Software Engineer', 'Global Technology Analyst - Software Engineer', 'Business Analyst', 'Strategy & Management Analyst', 'Global Technology Analyst', 'Sr. Software Engineer', 'Strategy & Management Summer Analyst ', 'Sr Data Engineer', 'Strategy and Management Analyst', 'Business Technology Analyst', 'Global Technology Analyst', 'Incoming 2025 Strategy & Management Summer Analyst', 'Business Analyst', 'Business Strategy Analyst', 'Security Consulting Engineer', 'Technology Analyst', 'Sr. Business Analyst', 'Software Engineer | Global Technology Analyst Program', 'Sr. Software Engineer', 'Business Analyst', 'Global Technology Analyst', 'Sr Data Engineer', 'Global Technology Analyst', 'Global Technology Analyst', 'Technology Analyst', 'Technology Analyst', 'Mainframe Analyst - Global Technology Analyst Program', 'Global Technology Analyst', 'Incoming S&T Analyst', 'Business Analyst', 'Sr Software Engineer', 'Business Analyst II', 'Global Technology Analyst', 'Strategy and Management Analyst', 'Strategy & Management Analyst', 'GPS Analyst', 'Sr. Analyst', 'Strategy & Management Summer Analyst', 'Solutions Engineering Analyst', 'Solutions Engineering Analyst', 'Business Analyst', 'Solutions Engineering Analyst', 'Sr Software Developer', 'Strategy Analyst', 'Incoming Analyst', 'Incoming Solutions Analyst', 'Solutions Engineer', 'Solutions Analyst', 'GPS Consulting Analyst', 'Strategy Analyst', 'Incoming Business Technology Solutions Analyst', 'Strategy Analyst', 'Strategy Analyst', 'Business Technology Solutions Analyst', 'Business Technology Solutions Analyst', 'Incoming Consulting Analyst', 'Incoming Analyst', 'Consulting Analyst', 'Consulting Analyst', 'Strategy Analyst', 'Strategy Analyst', 'Strategy Analyst', 'Strategy Analyst', 'Strategy Analyst', 'Strategy Analyst', 'Strategy Consulting Analyst', 'Business Technology Solutions Analyst', 'Business Technology Solutions Analyst', 'Solutions Engineering Analyst', 'Strategy Analyst', 'Consulting Business Analyst', 'Strategy Analyst', 'Strategy Analyst', 'Incoming Strategy Analyst', 'Business Technology Solutions Analyst', 'Solutions Engineering Analyst', 'Solutions Engineering Analyst', 'Senior Consulting Analyst', 'Sr Software Developer', 'Business Technology Analyst', 'Business Technology Solutions Analyst', 'Solutions Engineering Analyst', 'Business Technology Analyst', 'Consulting Analyst', 'Business Technology Solutions Analyst', 'Business Technology Analyst', 'GPS Solutions Engineering Analyst', 'Consulting Analyst ', 'Senior Solutions Engineer', 'Incoming Strategy Analyst', 'Business Technology Solutions Analyst', 'Business Analyst', 'GPS Analyst', 'Strategy Analyst', 'Business Analyst', 'Solutions Engineering Analyst', 'Business Technology Analyst', 'Incoming Strategy Analyst', 'Strategy Consulting Analyst', 'Business Analyst', 'Strategy Analyst', 'Business Technology Solutions Analyst', 'Strategy Analyst', 'GPS Analyst', 'GPS Business Analyst', 'Business Analyst', 'Solutions Analyst', 'Business Technology Analyst', 'Solutions Engineering Analyst', 'Solutions Engineer', 'Solutions Engineering Consulting Analyst', 'Solutions Engineer', 'Solutions Analyst', 'GPS Analyst']"
5,"['Officer; Software Engineer', 'Officer, Software Engineer II', 'Officer; Software Engineer', 'Officer Analyst I', 'Officer, Software Engineer-1', 'Officer; Sr. Analyst']"
6,"['iOS Engineer', 'Software Engineer - iOS', 'iOS Engineer', 'iOS Developer', 'Software Engineer - iOS', 'Lead iOS Developer', 'iOS Developer', 'iOS Developer']"
7,"['Software Engineer III', 'Software Engineer III', 'Software Engineer III', 'Assistant Vice President, Software Engineer II', 'Vice President; Software Engineer III', 'Vice President, Software Engineer', 'Assistant Vice President: Quality Engineer', 'Software Engineer III', 'Assistant Vice President, Software Engineer II, Accessibility Analyst', 'Vice President -  Software Engineer', 'Software Engineer III', 'Vice President, Senior iOS Engineer', 'Vice President / Software QA Lead', 'Vice President, Solutions Engineer III', 'Vice President, Analyst II']"
8,"['Automation Engineer', 'QA Engineer', 'QA Automation Engineer', 'Senior QA Automation Engineer', 'QA Engineer', 'QA Automation Engineer', 'Lead QA Automation and Manual Engineer', 'QA Automation Engineer', 'Lead QA Automation Engineer', 'QA Engineer', 'QA Engineer', 'Senior QA Automation Engineer/SDET', 'Lead QA Automation and Manual Engineer', 'Senior QA Automation Engineer / SDET', 'QA Automation Engineer', 'QA Engineer', 'QA Automation Engineer ', 'Software Test Automation Engineer (QA)', 'Senior QA Automation Engineer', 'Senior QA Automation Engineer', 'QA Automation Engineer', 'Senior QA Automation Engineer', 'Sr. QA Automation Engineer/ SDET', 'Automation Engineer', 'QA Software Test Engineer', 'Senior QA Analyst', 'QA Analyst']"
9,"['Full Stack Developer', 'Sr. Java Developer', 'Sr. JAVA/J2EE FULL Stack Developer', '.NET Developer', 'Java Software Developer', 'Sr Full Stack Developer', 'Full Stack Engineer', 'Full Stack Engineer', 'Full Stack Java Developer', 'Java Full Stack Developer', 'Java Full Stack Developer', 'Mulesoft Developer', 'Mulesoft Developer', 'Full Stack Developer', 'Mulesoft Developer', 'Sr. Java Developer', 'Full Stack Dotnet Developer', 'Full Stack Engineer', 'Java/MuleSoft Developer', 'Sr Java Developer', 'Java Developer', 'Full-stack .NET Developer', 'Java Developer', 'Full Stack Developer', 'Full Stack Developer', 'Sr.Java Full Stack Developer', 'Full Stack Developer', 'Mulesoft lead developer', 'Java Developer', 'Java Full Stack Developer', 'Java Software Developer', 'Full Stack Developer', 'Java Developer', 'Software Engineer II - Full Stack', 'Full Stack Developer', '.NET Developer', '.NET Developer', 'Dotnet Developer', 'Sr. Dot Net full Stack Developer ', 'Sr Full Stack Developer', ' Sr. MuleSoft Integration Developer', 'Sr Full Stack Developer ', 'Sr. Mulesoft Developer', 'Java Developer', '.NET Full Stack Developer/Production Support Engineer', 'Full stack .Net developer', 'Full-stack Developer', 'Mulesoft Developer', 'Full stack Java Developer', 'Full-stack Developer', 'Full Stack Java Software Engineer', 'Java developer', '.Net Developer']"
10,"['Quantitative Analyst', 'Quantitative Analyst', 'Quantitative Analyst', 'Quantitative Analyst Intern', 'Senior Quantitative Analyst']"
11,"['Application Developer', 'Application Developer', 'Application Developer V', 'Senior Application Engineer', 'Application Developer', 'Senior Application Analyst', 'Application Developer V', 'Application Developer', 'Senior Application Developer', 'Application Developer', 'Application Developer V.', 'Sr Application Developer']"
12,"['DevOps Engineer', 'DevOps Software Engineer', 'Cloud Engineer', 'DevOps Engineer', 'Sr. Platform/DevOps Engineer\t', 'DevOps Engineer', 'DevOps Engineer', 'DevOps Engineer', 'Cloud Engineer', 'Devops cloud engineer', 'DevOps Engineer', 'DevOps Engineer', 'Cloud Engineer', 'DevOps Software Engineer', 'DevOps Engineer', 'Cloud Developer', 'DevOps Engineer', 'DevOps Engineer', 'Sr. DevOps Engineer', 'Devops Engineer', 'Software Consultant', 'DevOps Engineer/Cloud Engineer', 'Advisory Senior Consultant - Cloud Security', 'Software Consultant', 'Cloud / DevOps Engineer', 'Cloud Engineer', 'Senior Consultant - Cloud Engineering', 'DevOps Engineer', 'Cloud Engineering Consultant', 'Cloud Data Engineer-Solutions Analyst', 'Cloud Engineer', 'Cloud Engineer', 'Cloud Engineer', 'Data Engineer Consultant', 'Cloud Engineering Senior Consultant', 'Cloud Security Engineer', 'Cloud Security Analyst', 'Senior Consultant - Cloud Strategy & Engineering', 'Automation Engineering Consultant', 'Software Engineer Consultant', 'DevOps Engineer', 'Software Consultant', 'Cloud DevOps Engineer', 'Cloud Engineering Consultant', 'Cloud DevOps Analyst Intern', 'DevOps Engineer', 'Cloud Data Engineer', 'Software Engineering Consultant', 'Senior Consultant, Cloud Engineer', 'Software Consultant', 'Cloud Engineer', 'Cloud Security Consultant', 'Senior Consultant, Cloud Security', 'Senior Consultant, Cloud Engineering']"
13,"['Analyst', 'Analyst', 'Analyst', 'Analyst', 'Analyst', 'Analyst', 'Analyst', 'Analyst', 'Analyst', 'M&A Analyst', 'Analyst', 'Analyst', 'Analyst', 'Analyst', 'Analyst', 'Analyst', 'Analyst', 'Analyst', 'Analyst', 'Analyst', 'M&A Analyst', 'Analyst', 'Analyst', 'Analyst', 'Analyst', 'Analyst', 'Analyst', 'Analyst', 'Analyst', 'Analyst', 'Analyst']"
14,"['Trading Analyst', 'Sales & Trading Analyst', 'Sales & Trading Analyst', 'Sales and Trading Summer Analyst', 'Sales & Trading Analyst', 'Incoming Sales and Trading Analyst', 'Sales & Trading Analyst']"
15,"['Global Risk Analyst ', 'Global Risk Analyst, Counterparty Credit Risk', 'Global Risk Analyst', 'Global Risk Analyst', 'Global Risk Analyst', 'Global Risk Analyst ', 'Global Risk Analyst', 'Global Risk Analyst']"
16,"['Tableau developer', 'Sr Tableau Developer', 'Tableau developer', 'Tableau Developer', 'Tableau Developer']"
17,"['Senior Software Engineer (VP)', 'VP Software Engineering', 'VP Software Engineering', 'VP - Software Engineer', 'VP Software Engineering', 'Senior Software Engineer (VP)', 'VP, Software Engineer', 'VP Software Engineer', 'VP, Software Engineer']"
18,"['Lead Data Engineer', 'Lead Software Developer', 'Lead Software Engineer', 'Lead Software Engineer', 'Lead Data Analyst', 'Lead Data Engineer', 'Lead Analyst', 'Lead Software Engineer', 'Lead Software Engineer', 'Lead Software Engineer']"
19,"['Cybersecurity Analyst', 'Cybersecurity Analyst', 'Cybersecurity Analyst', 'Cybersecurity Analyst', 'Sr Cybersecurity Engineer', 'Cybersecurity Consultant', 'Cybersecurity Analyst', 'Cybersecurity Analyst', 'Cybersecurity Senior Consultant', 'Cybersecurity Consultant']"
20,"['Salesforce Developer', 'Salesforce Developer', 'Salesforce Developer', 'Senior Salesforce Developer', 'Senior Salesforce Developer', 'Senior Salesforce Developer', 'Salesforce Developer']"
21,"['Data Scientist', 'Senior Data Scientist', 'Data Scientist', 'Data Scientist', 'Data Scientist', 'Data Scientist', 'Data Scientist', 'Senior AI Data Scientist ', 'Data Scientist Lead', 'Data Scientist']"
22,"['Global Operations Analyst', 'Operations Data Analyst', 'Operations Analyst - Global Operations', 'Global Operations Development Analyst', 'Global Operations Analyst', 'Global Operations Analyst', 'Global Operations Development Analyst', 'Operations Analyst']"
23,"['Software Development Engineer in Test', 'Software Development Engineer in Test', 'Software Developer Engineer in Test', 'Software Development Engineer in Test', 'Software Developer in Test']"
24,"['Systems Analyst', 'Network/ Systems Engineer', 'Technical Systems Analyst', 'Systems Engineer', 'Business Systems Analyst', 'Business Systems Analyst']"
25,"['Cyber Security Analyst', 'Cyber Security Officer', 'Cyber Security Analyst', 'Cyber Security Engineer', 'Cyber Security Analyst']"
26,"['Software Engineering Manager', 'Senior Software Engineering Manager', 'Software Engineer Manager', 'Manager, Cloud Engineering', 'Manager, Cloud Engineering', 'Manager, Cloud Engineering', 'Senior Manager, Cloud Engineering', 'Software Engineering Manager', 'Software QA Manager', 'Software Engineering Manager']"
27,"['Corporate Banking Analyst', 'Corporate Banking Analyst', 'Global Corporate & Investment Banking Credit Analyst', 'Global Corporate & Investment Banking Credit Analyst', 'Global Corporate Banking Analyst']"
28,"['Senior Database Developer', 'Senior Database Engineer', 'Senior Database Developer', 'Database Consultant', 'Database Engineer']"
29,"['Quality Assurance Automation Engineer', 'Quality Assurance Automation Engineer', 'Senior Software Quality Assurance Specialist', 'Quality Assurance Analyst', 'Quality Assurance Engineer']"
30,"['IT Business Analyst V - Business Support Manager', 'IT Business Analyst', 'IT Business Operations Analyst', 'IT Analyst', 'IT Analyst', 'IT Analyst', 'Senior IT Security Analyst', 'IT Business Operations Analyst', 'IT Analyst', 'IT Business Operations Analyst']"
31,"['Project Delivery Analyst', 'Project Delivery Analyst', 'DC Project Delivery Senior Analyst', 'Project Delivery Senior Analyst - Full Stack Developer', 'Project Delivery Senior Analyst']"
32,"['Solution Analyst', 'Solution Analyst (Software Developer)', 'Solution Analyst', 'Solution Analyst', 'Senior Solution Engineer', 'Solution Analyst', 'Solution Analyst', 'Solution Analyst', 'Solution Analyst', 'Solution Analyst', 'Solution Analyst (Software Developer)', 'Solution Analyst', 'Solution Analyst', 'Solution Engineer', 'Senior Solution Engineer']"
33,"['Advisory Analyst', 'Advisory Analyst', 'Advisory Analyst', 'Advisory Analyst II', 'Advisory Analyst']"
34,"['Data and Analytics Consultant', 'Data Engineer Strategy & Analytics', 'Consultant/Data Analytics Engineer', 'Data Analytics Consultant', 'Data Analytics Consultant']"
